"ID","TextureFilename"
"1","Interface\Icons\Temp"
"9","Interface\Icons\Spell_Shadow_BlackPlague"
"10","Interface\Icons\Spell_Nature_NaturesBlessing"
"11","Interface\Icons\Spell_Fire_Fire"
"12","Interface\Icons\Spell_Fire_Fireball"
"13","Interface\Icons\Spell_Nature_MagicImmunity"
"14","Interface\Icons\Spell_Frost_Frost"
"15","Interface\Icons\Spell_Frost_Stun"
"16","Interface\Icons\Spell_Fire_FireArmor"
"17","Interface\Icons\Spell_Frost_IceShock"
"18","Interface\Icons\Spell_Fire_FireBolt"
"19","Interface\Icons\Spell_Nature_LightningShield"
"20","Interface\Icons\Spell_Nature_StrangleVines"
"21","Interface\Icons\Spell_Nature_FarSight"
"22","Interface\Icons\Spell_Shadow_ShadeTrueSight"
"23","Interface\Icons\Ability_ShockWave"
"24","Interface\Icons\Spell_Nature_Reincarnation"
"25","Interface\Icons\Ability_ThunderBolt"
"26","Interface\Icons\Ability_MeleeDamage"
"27","Interface\Icons\Spell_Nature_Slow"
"28","Interface\Icons\Ability_Defend"
"29","Interface\Icons\Ability_Seal"
"30","Interface\Icons\Spell_Nature_Invisibilty"
"31","Interface\Icons\Spell_Fire_Immolation"
"32","Interface\Icons\Spell_Ice_Lament"
"33","Interface\Icons\Spell_Fire_SealOfFire"
"34","Interface\Icons\Spell_Fire_FlameBlades"
"35","Interface\Icons\Spell_Frost_Glacier"
"36","Interface\Icons\Spell_Frost_ManaRecharge"
"37","Interface\Icons\Spell_Fire_SelfDestruct"
"38","Interface\Icons\Spell_Nature_BloodLust"
"39","Interface\Icons\Spell_Nature_NatureTouchGrow"
"40","Interface\Icons\Spell_Nature_NatureTouchDecay"
"41","Interface\Icons\Spell_Nature_DryadDispelMagic"
"42","Interface\Icons\Ability_ThunderClap"
"43","Interface\Icons\Ability_Temp"
"44","Interface\Icons\Spell_Nature_Sleep"
"45","Interface\Icons\Spell_Fire_MeteorStorm"
"46","Interface\Icons\Spell_Nature_MoonGlow"
"47","Interface\Icons\Spell_Nature_Purge"
"48","Interface\Icons\Spell_Shadow_MindSteal"
"49","Interface\Icons\Ability_EyeOfTheOwl"
"50","Interface\Icons\Ability_BullRush"
"51","Interface\Icons\Spell_Holy_InnerFire"
"52","Interface\Icons\Spell_Holy_Devotion"
"53","Interface\Icons\Spell_Nature_Thorns"
"54","Interface\Icons\Spell_Nature_Brilliance"
"55","Interface\Icons\Spell_Shadow_ChillTouch"
"56","Interface\Icons\Spell_Frost_FreezingBreath"
"57","Interface\Icons\Spell_Fire_EnchantWeapon"
"58","Interface\Icons\Spell_Nature_TimeStop"
"59","Interface\Icons\Spell_Misc_Food"
"60","Interface\Icons\Spell_Misc_Drink"
"61","Interface\Icons\Spell_Shadow_RaiseDead"
"62","Interface\Icons\Spell_Nature_Lightning"
"63","Interface\Icons\Spell_Nature_Strength"
"64","Interface\Icons\Spell_Nature_Rejuvenation"
"65","Interface\Icons\Spell_Nature_NullWard"
"66","Interface\Icons\Spell_Nature_Earthquake"
"67","Interface\Icons\Spell_Nature_SpiritWolf"
"68","Interface\Icons\Spell_Nature_CorrosiveBreath"
"69","Interface\Icons\Ability_Ensnare"
"70","Interface\Icons\Spell_Holy_HolyBolt"
"71","Interface\Icons\Spell_Shadow_Charm"
"72","Interface\Icons\Spell_Nature_GuardianWard"
"73","Interface\Icons\Spell_Holy_Restoration"
"74","Interface\Icons\Spell_Holy_DispelMagic"
"75","Interface\Icons\Spell_Shadow_SpectralSight"
"76","Interface\Icons\Spell_Shadow_FingerOfDeath"
"77","Interface\Icons\Spell_Shadow_MindRot"
"78","Interface\Icons\Spell_Holy_Invulnerable"
"79","Interface\Icons\Spell_Holy_LayOnHands"
"80","Interface\Icons\Spell_Holy_SealOfValor"
"81","Interface\Icons\Spell_Holy_DivineIntervention"
"82","Interface\Icons\Spell_Nature_Polymorph"
"83","Interface\Icons\Ability_Whirlwind"
"84","Interface\Icons\Ability_Racial_Avatar"
"85","Interface\Icons\Ability_UpgradeMoonGlaive"
"86","Interface\Icons\Ability_Racial_BloodRage"
"87","Interface\Icons\Spell_Shadow_Teleport"
"88","Interface\Icons\Spell_Shadow_DeathCoil"
"89","Interface\Icons\Spell_Shadow_RagingScream"
"90","Interface\Icons\Spell_Shadow_Metamorphosis"
"91","Interface\Icons\Spell_Shadow_AuraOfDarkness"
"92","Interface\Icons\Spell_Shadow_SoulGem"
"93","Interface\Icons\Spell_Shadow_UnholyStrength"
"94","Interface\Icons\Spell_Frost_SummonWaterElemental"
"95","Interface\Icons\Spell_Shadow_UnholyFrenzy"
"96","Interface\Icons\Spell_Shadow_Cripple"
"97","Interface\Icons\Spell_Shadow_PlagueCloud"
"98","Interface\Icons\Spell_Shadow_Possession"
"99","Interface\Icons\Spell_Shadow_AntiMagicShell"
"100","Interface\Icons\Spell_Nature_Tranquility"
"101","Interface\Icons\Spell_Frost_WindWalkOn"
"102","Interface\Icons\Ability_Smash"
"103","Interface\Icons\Ability_Ambush"
"104","Interface\Icons\Spell_Holy_Heal"
"105","Interface\Icons\Ability_SearingArrow"
"106","Interface\Icons\Spell_Nature_MoonKey"
"107","Interface\Icons\Ability_Racial_BearForm"
"108","Interface\Icons\Ability_GhoulFrenzy"
"109","Interface\Icons\Spell_Nature_FaerieFire"
"110","Interface\Icons\Spell_Nature_SlowPoison"
"111","Interface\Icons\Spell_Nature_ForceOfNature"
"112","Interface\Icons\Spell_Nature_RavenForm"
"113","Interface\Icons\Spell_Shadow_Haunting"
"114","Interface\Icons\Spell_Shadow_ShadowPact"
"115","Interface\Icons\Spell_Nature_Swiftness"
"116","Interface\Icons\Spell_Shadow_CarrionSwarm"
"117","Interface\Icons\Spell_Nature_WispHeal"
"118","Interface\Icons\Spell_Shadow_DeathAndDecay"
"119","Interface\Icons\Spell_Frost_FrostArmor"
"120","Interface\Icons\Spell_Totem_WardOfDraining"
"121","Interface\Icons\Spell_Holy_Resurrection"
"122","Interface\Icons\Spell_Nature_WispSplode"
"123","Interface\Icons\Spell_Nature_Regeneration"
"124","Interface\Icons\Spell_Nature_ResistMagic"
"125","Interface\Icons\Spell_Holy_MagicalSentry"
"126","Interface\Icons\Ability_Marksmanship"
"127","Interface\Icons\Ability_TheBlackArrow"
"128","Interface\Icons\Ability_TrueShot"
"129","Interface\Icons\Ability_WarStomp"
"130","Interface\Icons\Spell_Shadow_RitualOfSacrifice"
"131","Interface\Icons\Ability_Racial_ShadowMeld"
"132","Interface\Icons\Ability_GolemStormBolt"
"133","Interface\Icons\Spell_Frost_WizardMark"
"134","Interface\Icons\Spell_Shadow_DeathScream"
"135","Interface\Icons\Spell_Shadow_EvilEye"
"136","Interface\Icons\Spell_Fire_Flare"
"137","Interface\Icons\Spell_Shadow_MindBomb"
"138","Interface\Icons\Ability_CriticalStrike"
"139","Interface\Icons\Spell_Nature_EnchantArmor"
"140","Interface\Icons\Spell_Shadow_SealOfKings"
"141","Interface\Icons\Spell_Nature_CallStorm"
"142","Interface\Icons\Spell_Frost_IceClaw"
"143","Interface\Icons\Spell_Frost_Wisp"
"144","Interface\Icons\Frostbolt_test"
"145","Interface\Icons\Spell_Frost_ManaBurn"
"146","Interface\Icons\Ability_Racial_Cannibalize"
"147","Interface\Icons\Spell_Shadow_VampiricAura"
"148","Interface\Icons\Ability_GolemThunderClap"
"149","Interface\Icons\Spell_Nature_Regenerate"
"150","Interface\Icons\Spell_Shadow_UnsummonBuilding"
"151","Interface\Icons\Ability_SteelMelee"
"152","Interface\Icons\Spell_Shadow_Requiem"
"153","Interface\Icons\Spell_Shadow_LifeDrain"
"154","Interface\Icons\Spell_Shadow_DarkRitual"
"155","Interface\Icons\Spell_Nature_Drowsy"
"156","Interface\Icons\Spell_Holy_SearingLight"
"157","Interface\Icons\Ability_Hibernation"
"158","Interface\Icons\Spell_Holy_Excorcism"
"159","Interface\Icons\Spell_Holy_Retribution"
"160","Interface\Icons\Spell_Shadow_CorpseExplode"
"161","Interface\Icons\Ability_TownWatch"
"162","Interface\Icons\Ability_Repair"
"163","Interface\Icons\Ability_PoisonSting"
"164","Interface\Icons\Spell_Shadow_Twilight"
"165","Interface\Icons\Spell_Nature_ChainLightning"
"166","Interface\Icons\Ability_Devour"
"167","Interface\Icons\Spell_Holy_Dizzy"
"168","Interface\Icons\Spell_Nature_NaturesWrath"
"169","Interface\Icons\Spell_Shadow_DeathPact"
"170","Interface\Icons\Spell_Shadow_DarkSummoning"
"171","Interface\Icons\Ability_Spy"
"172","Interface\Icons\Spell_Ice_MagicDamage"
"173","Interface\Icons\Spell_Shadow_GatherShadows"
"174","Interface\Icons\Spell_Nature_EarthBind"
"175","Interface\Icons\Spell_Shadow_GhostKey"
"176","Interface\Icons\Spell_Frost_Frostbolt"
"177","Interface\Icons\Spell_Holy_AshesToAshes"
"178","Interface\Icons\Spell_Shadow_ShadowWard"
"179","Interface\Icons\Ability_Tracking"
"180","Interface\Icons\Spell_Frost_ChainsOfIce"
"181","Interface\Icons\Spell_Frost_FrostArmor02"
"182","Interface\Icons\Spell_Frost_ChillingArmor"
"183","Interface\Icons\Spell_Fire_FireBolt02"
"184","Interface\Icons\Spell_Fire_Fireball02"
"185","Interface\Icons\Spell_Fire_FlameBolt"
"186","Interface\Icons\Spell_Frost_FrostBlast"
"187","Interface\Icons\Spell_Frost_ChillingBlast"
"188","Interface\Icons\Spell_Frost_FrostBolt02"
"189","Interface\Icons\Spell_Frost_ChillingBolt"
"190","Interface\Icons\Spell_Misc_Food_08"
"191","Interface\Icons\Spell_Misc_ConjureManaJewel"
"192","Interface\Icons\Spell_Fire_SunKey"
"193","Interface\Icons\Spell_Frost_FrostNova"
"194","Interface\Icons\Spell_Nature_NullifyPoison"
"195","Interface\Icons\Spell_Nature_RemoveCurse"
"196","Interface\Icons\Spell_Nature_RemoveDisease"
"197","Interface\Icons\Spell_Nature_ResistNature"
"198","Interface\Icons\Spell_Nature_SpiritArmor"
"199","Interface\Icons\Spell_Nature_ThunderClap"
"200","Interface\Icons\Spell_Nature_UndyingStrength"
"201","Interface\Icons\Ability_Physical_Taunt"
"202","Interface\Icons\Racial_Dwarf_FindTreasure"
"203","Interface\Icons\Spell_Holy_HarmUndeadAura"
"204","Interface\Icons\Spell_Holy_RetributionAura"
"205","Interface\Icons\Spell_Holy_RighteousFury"
"206","Interface\Icons\Spell_Holy_RighteousnessAura"
"207","Interface\Icons\Spell_Shadow_AntiShadow"
"208","Interface\Icons\Spell_Shadow_BurningSpirit"
"209","Interface\Icons\Spell_Shadow_DetectLesserInvisibility"
"210","Interface\Icons\Spell_Shadow_DetectInvisibility"
"211","Interface\Icons\Spell_Shadow_ImpPhaseShift"
"212","Interface\Icons\Spell_Shadow_ManaBurn"
"213","Interface\Icons\Spell_Shadow_ShadowBolt"
"214","Interface\Icons\Spell_Shadow_SummonFelHunter"
"215","Interface\Icons\Spell_Shadow_SummonImp"
"216","Interface\Icons\Spell_Shadow_SummonSuccubus"
"217","Interface\Icons\Spell_Shadow_SummonVoidWalker"
"218","Interface\Icons\Ability_ImpalingBolt"
"219","Interface\Icons\Ability_PierceDamage"
"220","Interface\Icons\Spell_Nature_Cyclone"
"221","Interface\Icons\Spell_Shadow_AnimateDead"
"222","Interface\Icons\Spell_Shadow_NightOfTheDead"
"223","Interface\Icons\Spell_Orc_Omniscience"
"224","Spells\Icon\Spell_Fire_Fire"
"225","Interface\Icons\Spell_Nature_StarFall"
"226","Interface\Icons\INV_Potion_19"
"227","Interface\Icons\INV_Misc_Bag_11"
"228","Interface\Icons\Spell_Shadow_GrimWard"
"229","Interface\Icons\Spell_Nature_MirrorImage"
"230","Interface\Icons\INV_Boots_03"
"231","Interface\Icons\INV_Misc_Food_24"
"232","Interface\Icons\Spell_Holy_Silence"
"233","Interface\Icons\Spell_Shadow_Fumble"
"234","Interface\Icons\Spell_Shadow_ShadowWordPain"
"235","Interface\Icons\Spell_Shadow_ShadowWordDominate"
"236","Interface\Icons\Spell_Holy_RemoveCurse"
"237","Interface\Icons\Spell_Holy_HolySmite"
"238","Interface\Icons\Spell_Holy_BlessingOfStamina"
"239","Interface\Icons\Spell_Holy_BlessingOfStrength"
"240","Interface\Icons\Spell_Holy_BlessingOfAgility"
"241","Interface\Icons\Spell_Holy_GreaterHeal"
"242","Interface\Icons\Spell_Holy_FlashHeal"
"243","Interface\Icons\Ability_BackStab"
"244","Interface\Icons\Ability_CheapShot"
"245","Interface\Icons\Ability_Gouge"
"246","Interface\Icons\Ability_Kick"
"247","Interface\Icons\Ability_Poisons"
"248","Interface\Icons\INV_Potion_12"
"249","Interface\Icons\Ability_Sap"
"250","Interface\Icons\Ability_Stealth"
"251","Interface\Icons\Ability_Throw"
"252","Interface\Icons\Ability_Vanish"
"253","Interface\Icons\Ability_Hunter_AimedShot"
"254","Interface\Icons\Ability_Hunter_BeastSooth"
"255","Interface\Icons\Ability_Hunter_BeastTaming"
"256","Interface\Icons\Ability_Hunter_CriticalShot"
"257","Interface\Icons\Ability_Hunter_SwiftStrike"
"258","Interface\Icons\INV_Misc_Food_08"
"259","Interface\Icons\INV_Misc_Food_12"
"260","Interface\Icons\INV_Misc_Food_11"
"261","Interface\Icons\Ability_Druid_Maul"
"262","Interface\Icons\Ability_Druid_Rake"
"263","Interface\Icons\Spell_Nature_AbolishMagic"
"264","Interface\Icons\Spell_Nature_NullifyDisease"
"265","Interface\Icons\Spell_Nature_NullifyPoison_02"
"266","Interface\Icons\Spell_Nature_ProtectionformNature"
"267","Interface\Icons\Ability_Hunter_MendPet"
"268","Interface\Icons\INV_Misc_Ale_01"
"269","Interface\Icons\INV_Weapon_Crossbow_01"
"270","Interface\Icons\INV_Ore_Tin_01"
"271","Interface\Icons\INV_Misc_Birdbeck_02"
"272","Interface\Icons\Spell_Nature_Web"
"273","Interface\Icons\INV_Misc_EmptyFlask_01"
"274","Interface\Icons\INV_Musket_03"
"275","Interface\Icons\INV_Musket_04"
"276","Interface\Icons\Ability_Warrior_DefensiveStance"
"277","Interface\Icons\Ability_Warrior_Cleave"
"278","Interface\Icons\Ability_Warrior_Challange"
"279","Interface\Icons\Ability_Warrior_OffensiveStance"
"280","Interface\Icons\Ability_Warrior_ShieldBash"
"281","Interface\Icons\Ability_Warrior_ShieldWall"
"282","Interface\Icons\Ability_Warrior_WarCry"
"283","Interface\Icons\INV_Misc_Gem_Stone_01"
"284","Interface\Icons\INV_Stone_04"
"285","Interface\Icons\Spell_Frost_IceStorm"
"286","Interface\Icons\INV_Staff_08"
"287","Interface\Icons\INV_Misc_Orb_03"
"288","Interface\Icons\INV_Ammo_Arrow_02"
"289","Interface\Icons\INV_Misc_Bowl_01"
"290","Interface\Icons\INV_ThrowingKnife_03"
"291","Interface\Icons\Spell_Holy_DevotionAura"
"292","Interface\Icons\Spell_Holy_Excorcism_02"
"293","Interface\Icons\INV_Misc_Head_Tiger_01"
"294","Interface\Icons\INV_Wand_01"
"295","Interface\Icons\INV_Wand_02"
"296","Interface\Icons\INV_Staff_03"
"297","Interface\Icons\INV_Chest_Plate02"
"298","Interface\Icons\Spell_Holy_FistOfJustice"
"299","Interface\Icons\Spell_Holy_HealingAura"
"300","Interface\Icons\Spell_Holy_Purify"
"301","Interface\Icons\Spell_Holy_SealOfFury"
"302","Interface\Icons\Spell_Holy_SealOfMight"
"303","Interface\Icons\Spell_Holy_SealOfProtection"
"304","Interface\Icons\Spell_Holy_SealOfRighteousness"
"305","Interface\Icons\Spell_Holy_SealOfSalvation"
"306","Interface\Icons\Spell_Holy_SealOfWisdom"
"307","Interface\Icons\Spell_Holy_SealOfWrath"
"308","Interface\Icons\Spell_Holy_SenseUndead"
"309","Interface\Icons\Spell_Holy_TurnUndead"
"310","Interface\Icons\Spell_Nature_Sentinal"
"311","Interface\Icons\INV_Misc_MonsterFang_01"
"312","Interface\Icons\Spell_Nature_UnyeildingStamina"
"313","Interface\Icons\Spell_Shadow_AbominationExplosion"
"314","Interface\Icons\INV_Gauntlets_05"
"315","Interface\Icons\INV_Jewelry_Talisman_01"
"316","Interface\Icons\Spell_Holy_PrayerOfHealing"
"317","Interface\Icons\Spell_Magic_PolymorphPig"
"318","Interface\Icons\Spell_Magic_PolymorphChicken"
"319","Interface\Icons\INV_Scroll_02"
"320","Interface\Icons\Spell_Lightning_LightningBolt01"
"321","Interface\Icons\Spell_Holy_Renew"
"322","Interface\Icons\INV_Mace_12"
"323","Interface\Icons\INV_Misc_LeatherScrap_08"
"324","Interface\Icons\INV_Fabric_Silk_02"
"325","Interface\Icons\INV_Misc_Wrench_02"
"326","Interface\Icons\INV_Misc_ArmorKit_17"
"327","Interface\Icons\INV_Potion_14"
"328","Interface\Icons\INV_Axe_04"
"329","Interface\Icons\Spell_Holy_HolyProtection"
"330","Interface\Icons\Spell_Holy_NullifyDisease"
"331","Interface\Icons\Spell_Magic_LesserInvisibilty"
"332","Interface\Icons\Spell_Magic_MageArmor"
"333","Interface\Icons\Trade_Engineering"
"334","Interface\Icons\Spell_Nature_AgitatingTotem"
"335","Interface\Icons\Trade_BlackSmithing"
"336","Interface\Icons\Trade_Mining"
"337","Interface\Icons\Spell_Nature_InvisibilityTotem"
"338","Interface\Icons\Spell_Nature_ManaRegenTotem"
"339","Interface\Icons\Trade_Alchemy"
"340","Interface\Icons\Spell_Nature_SlowingTotem"
"341","Interface\Icons\Trade_Tailoring"
"342","Interface\Icons\Trade_BrewPoison"
"343","Interface\Icons\INV_Misc_Key_04"
"344","Interface\Icons\INV_Misc_Gem_Sapphire_01"
"345","Interface\Icons\Trade_Herbalism"
"346","Interface\Icons\Trade_LeatherWorking"
"347","Interface\Icons\INV_Misc_Shell_03"
"348","Interface\Icons\INV_Potion_01"
"349","Interface\Icons\INV_Misc_Shell_02"
"350","Interface\Icons\INV_Misc_Dust_02"
"351","Interface\Icons\INV_Misc_Ammo_Gunpowder_02"
"352","Interface\Icons\INV_Orb_Arcanite_01"
"353","Interface\Icons\INV_Misc_Gear_01"
"354","Interface\Icons\INV_Cask_01"
"355","Interface\Icons\INV_Misc_Bomb_05"
"356","Interface\Icons\INV_Misc_StoneTablet_04"
"357","Interface\Icons\INV_Scroll_05"
"358","Interface\Icons\INV_Misc_Fork&Knife"
"359","Interface\Icons\INV_Misc_EmptyFlask_02"
"360","Interface\Icons\INV_Flask_02"
"361","Interface\Icons\INV_Flask_05"
"362","Interface\Icons\INV_Wine_01"
"363","Interface\Icons\INV_Misc_Cape_18"
"364","Interface\Icons\INV_Weapon_Bow_05"
"365","Interface\Icons\INV_Weapon_Halberd_06"
"366","Interface\Icons\INV_Axe_09"
"367","Interface\Icons\INV_Mace_01"
"368","Interface\Icons\INV_Sword_04"
"369","Interface\Icons\INV_Sword_06"
"370","Interface\Icons\INV_Spear_05"
"371","Interface\Icons\INV_Axe_17"
"372","Interface\Icons\INV_Gauntlets_06"
"373","Interface\Icons\INV_Misc_Pipe_01"
"374","Interface\Icons\INV_Misc_Food_09"
"393","Interface\Icons\INV_Weapon_Rifle_01"
"413","Interface\Icons\INV_Shield_05"
"433","Interface\Icons\INV_Banner_03"
"434","Interface\Icons\INV_ThrowingKnife_05"
"435","Interface\Icons\INV_Mace_04"
"436","Interface\Icons\INV_Weapon_Bow_02"
"437","Interface\Icons\INV_Axe_13"
"438","Interface\Icons\INV_Sword_26"
"439","Interface\Icons\INV_Hammer_03"
"440","Interface\Icons\INV_Shield_04"
"441","Interface\Icons\INV_Axe_16"
"442","Interface\Icons\INV_Stone_01"
"443","Interface\Icons\INV_Axe_11"
"444","Interface\Icons\INV_Chest_Plate01"
"453","Interface\Icons\Spell_Holy_BlessingOfProtection"
"454","Interface\Icons\Ability_Hunter_BeastSoothe"
"455","Interface\Icons\Ability_Hunter_BeastCall"
"456","Interface\Icons\Ability_Warrior_BattleShout"
"457","Interface\Icons\Ability_Warrior_Charge"
"458","Interface\Icons\Spell_Nature_AstralRecal"
"459","Interface\Icons\Spell_Nature_AstralRecalGroup"
"460","Interface\Icons\Spell_Shadow_SummonInfernal"
"473","Interface\Icons\Ability_Druid_Bash"
"493","Interface\Icons\Ability_Druid_CatForm"
"494","Interface\Icons\Ability_Druid_Disembowel"
"495","Interface\Icons\Ability_Druid_SupriseAttack"
"496","Interface\Icons\Ability_Druid_Swipe"
"497","Interface\Icons\Ability_Rogue_Disguise"
"498","Interface\Icons\Ability_Rogue_Garrote"
"499","Interface\Icons\Ability_Rogue_KidneyShot"
"500","Interface\Icons\Ability_Rogue_Rupture"
"501","Interface\Icons\Spell_Frost_FrostWard"
"502","Interface\Icons\Spell_Holy_MindVision"
"503","Interface\Icons\Spell_Holy_Redemption"
"504","Interface\Icons\Spell_Holy_SealOfSacrifice"
"505","Interface\Icons\Spell_Magic_FeatherFall"
"513","Interface\Icons\Ability_Rogue_DualWeild"
"514","Interface\Icons\Ability_Rogue_Eviscerate"
"515","Interface\Icons\Ability_Rogue_SliceDice"
"516","Interface\Icons\Ability_Rogue_Sprint"
"517","Interface\Icons\Ability_Rogue_Trip"
"518","Interface\Icons\INV_Poison_MindNumbing"
"533","Interface\Icons\Ability_DualWield"
"534","Interface\Icons\Ability_Hunter_BeastTraining"
"535","Interface\Icons\Ability_Hunter_Pathfinding"
"536","Interface\Icons\Ability_Hunter_Quickshot"
"537","Interface\Icons\Ability_Hunter_RunningShot"
"538","Interface\Icons\Ability_Hunter_SniperShot"
"539","Interface\Icons\Ability_Rogue_Feint"
"540","Interface\Icons\Spell_Holy_PrayerOfHealing02"
"541","Interface\Icons\Spell_Shadow_BloodBoil"
"542","Interface\Icons\Spell_Shadow_CurseOfAchimonde"
"543","Interface\Icons\Spell_Shadow_CurseOfMannoroth"
"544","Interface\Icons\Spell_Shadow_CurseOfSargeras"
"545","Interface\Icons\Spell_Shadow_DemonBreath"
"546","Interface\Icons\Spell_Shadow_LifeDrain02"
"547","Interface\Icons\Spell_Shadow_RainOfFire"
"548","Interface\Icons\Spell_Shadow_SiphonMana"
"553","Interface\Icons\Ability_Racial_Ultravision"
"554","Interface\Icons\INV_Misc_Orb_04"
"555","Interface\Icons\Spell_Holy_AuraOfLight"
"556","Interface\Icons\INV_Food_Egg_02"
"557","Interface\Icons\INV_Wine_03"
"558","Interface\Icons\Ability_Parry"
"559","Interface\Icons\Ability_Warrior_DecisiveStrike"
"560","Interface\Icons\Ability_Warrior_Disarm"
"561","Interface\Icons\Ability_Warrior_InnerRage"
"562","Interface\Icons\Ability_Warrior_Revenge"
"563","Interface\Icons\Ability_Warrior_Riposte"
"564","Interface\Icons\Ability_Warrior_SavageBlow"
"565","Interface\Icons\Ability_Warrior_Sunder"
"566","Interface\Icons\Spell_Holy_PowerWordShield"
"576","Interface\Icons\INV_Misc_Fish_05"
"577","Interface\Icons\INV_Misc_Fish_06"
"578","Interface\Icons\Trade_Engraving"
"579","Interface\Icons\INV_Staff_Goldfeathered_01"
"580","Interface\Icons\Trade_Fishing"
"596","Interface\Icons\Spell_Shadow_Curse"
"597","Interface\Icons\INV_Misc_MonsterHead_03"
"598","Interface\Icons\INV_Staff_01"
"599","Interface\Icons\INV_Misc_Bone_09"
"600","Interface\Icons\INV_Misc_Bone_06"
"601","Interface\Icons\INV_Misc_Foot_Kodo"
"616","Interface\Icons\INV_Misc_Fish_03"
"617","Interface\Icons\INV_Misc_Monster_MouseTail"
"636","Interface\Icons\Spell_Nature_Acid_01"
"656","Interface\Icons\INV_Gizmo_02"
"657","Interface\Icons\INV_Gizmo_03"
"658","Interface\Icons\INV_Gizmo_01"
"676","Interface\Icons\INV_Misc_Food_18"
"677","Interface\Icons\Ability_ShootWand"
"678","Interface\Icons\Spell_Fire_FlameShock"
"679","Interface\Icons\Spell_Fire_FlameTounge"
"680","Interface\Icons\Spell_Fire_SearingTotem"
"681","Interface\Icons\Spell_Frost_FrostBrand"
"682","Interface\Icons\Spell_Holy_LesserHeal"
"683","Interface\Icons\Spell_Holy_LesserHeal02"
"684","Interface\Icons\Spell_Holy_Heal02"
"685","Interface\Icons\Spell_Holy_WordFortitude"
"686","Interface\Icons\Spell_Nature_StrengthOfEarthTotem02"
"687","Interface\Icons\Spell_Nature_EarthShock"
"688","Interface\Icons\Spell_Nature_RockBiter"
"689","Interface\Icons\Spell_Nature_StoneClawTotem"
"690","Interface\Icons\Spell_Nature_StoneSkinTotem"
"691","Interface\Icons\Spell_Nature_EarthBindTotem"
"692","Interface\Icons\Spell_Shadow_CurseOfTounges"
"693","Interface\Icons\Spell_Shadow_SacrificialShield"
"694","Interface\Icons\Spell_Shadow_SoothingKiss"
"695","Interface\Icons\Ability_FiegnDead"
"696","Interface\Icons\INV_Misc_Spyglass_01"
"716","Interface\Icons\INV_Boots_02"
"736","Interface\Icons\INV_Misc_Pelt_Wolf_01"
"756","Interface\Icons\INV_Gauntlets_04"
"776","Interface\Icons\INV_Misc_Rune_01"
"796","Interface\Icons\INV_Chest_Chain_05"
"816","Interface\Icons\Spell_Fire_SoulBurn"
"836","Interface\Icons\Ability_Mount_BlackPanther"
"856","Interface\Icons\Ability_Rogue_Ambush"
"857","Interface\Icons\Ability_Rogue_FeignDeath"
"858","Interface\Icons\INV_Misc_Ammo_Bullet_01"
"876","Interface\Icons\Spell_Fire_LavaSpawn"
"896","Interface\Icons\INV_Chest_Leather_09"
"897","Interface\Icons\INV_Chest_Cloth_21"
"916","Interface\Icons\Ability_Mount_WhiteTiger"
"917","Interface\Icons\INV_Shield_09"
"936","Interface\Icons\INV_Misc_Key_03"
"937","Interface\Icons\Spell_Fire_Incinerate"
"956","Interface\Icons\Ability_Mount_WhiteDireWolf"
"957","Interface\Icons\Ability_Druid_ChallangingRoar"
"958","Interface\Icons\Ability_Druid_Cower"
"959","Interface\Icons\Ability_Druid_Dash"
"960","Interface\Icons\Ability_Druid_DemoralizingRoar"
"961","Interface\Icons\Ability_Druid_Enrage"
"962","Interface\Icons\Spell_Nature_HealingTouch"
"963","Interface\Icons\Spell_Nature_HealingWaveGreater"
"964","Interface\Icons\Spell_Nature_HealingWaveLesser"
"965","Interface\Icons\INV_Ammo_Bullet_02"
"976","Interface\Icons\Spell_Frost_FrostShock"
"996","Interface\Icons\INV_Weapon_Halberd_08"
"997","Interface\Icons\INV_Chest_Plate04"
"1016","Interface\Icons\INV_Misc_Food_04"
"1036","Interface\Icons\INV_Misc_Gem_Emerald_01"
"1037","Interface\Icons\INV_Misc_Gem_Emerald_02"
"1038","Interface\Icons\INV_Misc_Gem_Opal_01"
"1039","Interface\Icons\INV_Misc_Gem_Ruby_01"
"1056","Interface\Icons\INV_Wine_02"
"1057","Interface\Icons\INV_Wine_04"
"1076","Interface\Icons\INV_Misc_Head_Undead_01"
"1096","Interface\Icons\INV_Misc_Milk_02"
"1097","Interface\Icons\INV_Misc_Head_Human_02"
"1098","Interface\Icons\INV_Misc_Key_05"
"1099","Interface\Icons\INV_Misc_Key_06"
"1100","Interface\Icons\INV_Misc_Key_12"
"1101","Interface\Icons\INV_Misc_Key_14"
"1116","Interface\Icons\INV_Misc_MonsterClaw_02"
"1136","Interface\Icons\INV_Misc_MonsterScales_03"
"1137","Interface\Icons\Spell_Fire_Volcano"
"1156","Interface\Icons\INV_Jewelry_Amulet_07"
"1176","Interface\Icons\Ability_Mount_RidingHorse"
"1177","Interface\Icons\Ability_Mount_MountainRam"
"1178","Interface\Icons\Ability_Mount_BlackDireWolf"
"1179","Interface\Icons\Ability_Mount_NightmareHorse"
"1180","Interface\Icons\Ability_Mount_Raptor"
"1181","Interface\Icons\Ability_Mount_JungleTiger"
"1196","Interface\Icons\INV_Misc_Ammo_Gunpowder_01"
"1197","Interface\Icons\Spell_Fire_WindsofWoe"
"1216","Interface\Icons\INV_Misc_Flower_02"
"1217","Interface\Icons\INV_Misc_Herb_03"
"1236","Interface\Icons\Spell_Frost_IceShard"
"1237","Interface\Icons\INV_Misc_Bandage_08"
"1238","Interface\Icons\INV_Hammer_18"
"1239","Interface\Icons\INV_Wand_08"
"1240","Interface\Icons\Ability_Mount_MechaStrider"
"1241","Interface\Icons\Ability_Mount_Undeadhorse"
"1242","Interface\Icons\INV_Hammer_24"
"1256","Interface\Icons\INV_Misc_MonsterSpiderCarapace_01"
"1276","Interface\Icons\INV_Ingot_03"
"1277","Interface\Icons\INV_Ingot_Steel"
"1296","Interface\Icons\INV_Potion_63"
"1297","Interface\Icons\INV_Potion_84"
"1298","Interface\Icons\INV_Potion_91"
"1299","Interface\Icons\INV_Potion_93"
"1300","Interface\Icons\INV_Potion_65"
"1301","Interface\Icons\INV_Potion_86"
"1302","Interface\Icons\INV_Potion_33"
"1303","Interface\Icons\INV_Potion_58"
"1304","Interface\Icons\INV_Potion_44"
"1305","Interface\Icons\INV_Potion_79"
"1306","Interface\Icons\INV_Drink_09"
"1307","Interface\Icons\INV_Potion_15"
"1308","Interface\Icons\INV_Potion_13"
"1309","Interface\Icons\INV_Drink_07"
"1310","Interface\Icons\INV_Potion_08"
"1311","Interface\Icons\INV_Potion_18"
"1312","Interface\Icons\INV_Drink_13"
"1313","Interface\Icons\INV_Drink_05"
"1314","Interface\Icons\INV_Drink_04"
"1315","Interface\Icons\INV_Potion_30"
"1316","Interface\Icons\INV_Potion_69"
"1336","Interface\Icons\INV_Potion_10"
"1337","Interface\Icons\INV_Potion_61"
"1356","Interface\Icons\INV_Potion_04"
"1357","Interface\Icons\INV_Drink_06"
"1358","Interface\Icons\INV_Drink_Milk_02"
"1359","Interface\Icons\INV_Drink_10"
"1360","Interface\Icons\INV_Drink_11"
"1361","Interface\Icons\INV_Drink_12"
"1377","Interface\Icons\INV_Misc_Net_01"
"1397","Interface\Icons\Spell_Nature_Windfury"
"1417","Interface\Icons\INV_Misc_Horn_03"
"1437","Interface\Icons\INV_Misc_Food_10"
"1457","Interface\Icons\INV_Ammo_Arrow_01"
"1458","Interface\Icons\INV_Axe_05"
"1459","Interface\Icons\INV_Weapon_Halbard_01"
"1460","Interface\Icons\INV_Mace_02"
"1461","Interface\Icons\INV_Sword_20"
"1462","Interface\Icons\INV_Sword_27"
"1463","Interface\Icons\INV_Shield_06"
"1464","Interface\Icons\INV_Sword_05"
"1465","Interface\Icons\Spell_Nature_AncestralGuardian"
"1466","Interface\Icons\INV_Gizmo_Pipe_04"
"1467","Interface\Icons\INV_Misc_Food_15"
"1468","Interface\Icons\Spell_Shadow_CreepingPlague"
"1469","Interface\Icons\INV_Misc_Gem_Opal_03"
"1470","Interface\Icons\INV_Misc_Gem_Topaz_01"
"1471","Interface\Icons\INV_Misc_Gem_Crystal_01"
"1472","Interface\Icons\INV_Misc_Gem_Variety_02"
"1473","Interface\Icons\INV_Axe_03"
"1474","Interface\Icons\INV_Axe_06"
"1475","Interface\Icons\Ability_Druid_AquaticForm"
"1476","Interface\Icons\Ability_Druid_TravelForm"
"1477","Interface\Icons\Ability_Warrior_PunishingBlow"
"1478","Interface\Icons\Ability_Rogue_Distract"
"1479","Interface\Icons\Spell_Arcane_PortalDarnassus"
"1480","Interface\Icons\Spell_Arcane_PortalIronForge"
"1481","Interface\Icons\Spell_Arcane_PortalOrgrimmar"
"1482","Interface\Icons\Spell_Arcane_PortalStormWind"
"1483","Interface\Icons\Spell_Arcane_PortalThunderBluff"
"1484","Interface\Icons\Spell_Arcane_PortalUnderCity"
"1485","Interface\Icons\Spell_Arcane_StarFire"
"1486","Interface\Icons\Spell_Arcane_TeleportDarnassus"
"1487","Interface\Icons\Spell_Holy_MindSooth"
"1488","Interface\Icons\Spell_Shadow_PsychicScream"
"1489","Interface\Icons\Spell_Arcane_TeleportIronForge"
"1490","Interface\Icons\Spell_Arcane_TeleportOrgrimmar"
"1491","Interface\Icons\Spell_Arcane_TeleportStormWind"
"1492","Interface\Icons\Spell_Arcane_TeleportThunderBluff"
"1493","Interface\Icons\Spell_Arcane_TeleportUnderCity"
"1494","Interface\Icons\Spell_Shadow_Contagion"
"1495","Interface\Icons\INV_Drink_15"
"1496","Interface\Icons\INV_Misc_Herb_16"
"1497","Interface\Icons\INV_Misc_Wrench_01"
"1498","Interface\Icons\INV_Shield_01"
"1499","Interface\Icons\Spell_Arcane_Blink"
"1500","Interface\Icons\Spell_Shadow_EnslaveDemon"
"1501","Interface\Icons\INV_Weapon_ShortBlade_14"
"1502","Interface\Icons\INV_Staff_10"
"1503","Interface\Icons\INV_Staff_11"
"1504","Interface\Icons\INV_Weapon_ShortBlade_05"
"1505","Interface\Icons\INV_ThrowingKnife_01"
"1506","Interface\Icons\INV_Ammo_FireTar"
"1507","Interface\Icons\INV_Misc_MonsterScales_12"
"1508","Interface\Icons\INV_Sword_11"
"1509","Interface\Icons\INV_Misc_Food_50"
"1510","Interface\Icons\Ability_Mount_PinkTiger"
"1511","Interface\Icons\Ability_Hunter_BeastCall02"
"1512","Interface\Icons\INV_Misc_Food_33"
"1513","Interface\Icons\INV_Drink_03"
"1514","Interface\Icons\INV_Egg_02"
"1515","Interface\Icons\INV_Misc_Gem_Crystal_02"
"1516","Interface\Icons\INV_Misc_Gem_Diamond_02"
"1517","Interface\Icons\INV_Misc_Gem_Ruby_02"
"1518","Interface\Icons\INV_Misc_Gem_Amethyst_01"
"1519","Interface\Icons\INV_Misc_Food_31"
"1520","Interface\Icons\INV_Cask_03"
"1521","Interface\Icons\INV_Misc_ShadowEgg"
"1522","Interface\Icons\INV_Box_PetCarrier_01"
"1523","Interface\Icons\INV_Staff_30"
"1524","Interface\Icons\INV_Weapon_ShortBlade_10"
"1525","Interface\Icons\INV_Misc_MonsterScales_05"
"1526","Interface\Icons\INV_Axe_01"
"1527","Interface\Icons\INV_Spear_06"
"1528","Interface\Icons\INV_ThrowingKnife_02"
"1529","Interface\Icons\INV_Axe_08"
"1530","Interface\Icons\Ability_Hunter_EagleEye"
"1531","Interface\Icons\Ability_Druid_Ravage"
"1532","Interface\Icons\INV_Misc_MonsterScales_17"
"1533","Interface\Icons\INV_Misc_MonsterScales_11"
"1534","Interface\Icons\Ability_Druid_CatFormAttack"
"1535","Interface\Icons\INV_Misc_MonsterScales_09"
"1536","Interface\Icons\INV_Misc_MonsterScales_15"
"1537","Interface\Icons\INV_Misc_MonsterScales_13"
"1538","Interface\Icons\INV_Misc_MonsterScales_07"
"1539","Interface\Icons\INV_Ore_Arcanite_01"
"1540","Interface\Icons\INV_Belt_18"
"1541","Interface\Icons\INV_Misc_Slime_01"
"1542","Interface\Icons\INV_Egg_04"
"1543","Interface\Icons\INV_Egg_05"
"1544","Interface\Icons\INV_Hammer_09"
"1545","Interface\Icons\INV_Axe_18"
"1546","Interface\Icons\INV_Axe_10"
"1547","Interface\Icons\INV_Shoulder_11"
"1548","Interface\Icons\INV_Misc_Head_Dragon_01"
"1549","Interface\Icons\Ability_Hunter_AspectOfTheMonkey"
"1550","Interface\Icons\INV_Misc_Horn_01"
"1551","Interface\Icons\INV_Shield_20"
"1552","Interface\Icons\Spell_Shadow_Shadowform"
"1553","Interface\Icons\INV_Misc_Rune_04"
"1554","Interface\Icons\INV_Sword_32"
"1555","Interface\Icons\INV_Jewelry_Talisman_06"
"1556","Interface\Icons\INV_Jewelry_Amulet_01"
"1557","Interface\Icons\INV_Axe_12"
"1558","Interface\Icons\INV_Misc_Pelt_Bear_03"
"1559","Interface\Icons\Ability_Hunter_Pet_Bear"
"1560","Interface\Icons\INV_Spear_08"
"1561","Interface\Icons\INV_Misc_MonsterClaw_04"
"1562","Interface\Icons\INV_Misc_MonsterClaw_03"
"1563","Interface\Icons\Ability_Hunter_Pet_Cat"
"1564","Interface\Icons\INV_Misc_Urn_01"
"1565","Interface\Icons\Ability_Hunter_Pet_Hyena"
"1566","Interface\Icons\INV_Sword_22"
"1567","Interface\Icons\INV_Hammer_23"
"1568","Interface\Icons\INV_Misc_Gem_Bloodstone_01"
"1569","Interface\Icons\INV_Potion_11"
"1570","Interface\Icons\INV_Potion_92"
"1571","Interface\Icons\INV_Sword_25"
"1572","Interface\Icons\INV_Sword_41"
"1573","Interface\Icons\Ability_Hunter_Pet_Wolf"
"1574","Interface\Icons\INV_Ingot_Eternium"
"1575","Interface\Icons\INV_Misc_Rune_05"
"1576","Interface\Icons\INV_Misc_StoneTablet_05"
"1577","Interface\Icons\Ability_Hunter_Pet_Bat"
"1578","Interface\Icons\Ability_Hunter_Pet_Boar"
"1579","Interface\Icons\Ability_Hunter_Pet_Vulture"
"1580","Interface\Icons\Ability_Hunter_Pet_Crab"
"1581","Interface\Icons\Ability_Hunter_Pet_Crocolisk"
"1582","Interface\Icons\Ability_Hunter_Pet_Gorilla"
"1583","Interface\Icons\Ability_Hunter_Pet_Owl"
"1584","Interface\Icons\Ability_Hunter_Pet_Raptor"
"1585","Interface\Icons\Ability_Hunter_Pet_Scorpid"
"1586","Interface\Icons\Ability_Hunter_Pet_Spider"
"1587","Interface\Icons\Ability_Hunter_Pet_TallStrider"
"1588","Interface\Icons\Ability_Hunter_Pet_Turtle"
"1589","Interface\Icons\Ability_Hunter_Pet_WindSerpent"
"1590","Interface\Icons\Spell_Shadow_ScourgeBuild"
"1591","Interface\Icons\Spell_Shadow_DeadofNight"
"1592","Interface\Icons\INV_Misc_Fish_08"
"1593","Interface\Icons\INV_Stone_14"
"1594","Interface\Icons\INV_Shield_19"
"1595","Interface\Icons\INV_Misc_Orb_02"
"1596","Interface\Icons\INV_Weapon_Halberd_11"
"1597","Interface\Icons\INV_Potion_31"
"1598","Interface\Icons\INV_Helmet_45"
"1599","Interface\Icons\INV_Helmet_08"
"1600","Interface\Icons\INV_Stone_13"
"1601","Interface\Icons\INV_Sword_02"
"1602","Interface\Icons\INV_Potion_29"
"1603","Interface\Icons\INV_Potion_16"
"1604","Interface\Icons\INV_Potion_40"
"1605","Interface\Icons\INV_Potion_46"
"1606","Interface\Icons\INV_Potion_67"
"1607","Interface\Icons\INV_Potion_47"
"1608","Interface\Icons\INV_Jewelry_Talisman_07"
"1609","Interface\Icons\INV_Potion_32"
"1610","Interface\Icons\INV_Misc_Flute_01"
"1611","Interface\Icons\INV_Misc_Bone_HumanSkull_01"
"1612","Interface\Icons\INV_Boots_Plate_03"
"1613","Interface\Icons\INV_Gauntlets_19"
"1614","Interface\Icons\Spell_Shadow_CallofBone"
"1615","Interface\Icons\INV_Misc_Head_Tauren_02"
"1616","Interface\Icons\INV_Ammo_Bullet_01"
"1617","Interface\Icons\INV_Ammo_Bullet_03"
"1618","Interface\Icons\INV_Misc_MonsterScales_14"
"1619","Interface\Icons\INV_Gizmo_08"
"1620","Interface\Icons\INV_Misc_Bandage_11"
"1621","Interface\Icons\INV_Misc_Bandage_12"
"1622","Interface\Icons\INV_Staff_02"
"1623","Interface\Icons\INV_Staff_07"
"1624","Interface\Icons\INV_Wand_07"
"1625","Interface\Icons\INV_Battery_01"
"1626","Interface\Icons\INV_Misc_Flower_01"
"1627","Interface\Icons\INV_Misc_Food_Wheat_02"
"1628","Interface\Icons\INV_Axe_02"
"1629","Interface\Icons\INV_Spear_07"
"1630","Interface\Icons\Ability_PoisonArrow"
"1631","Interface\Icons\INV_Weapon_Rifle_02"
"1632","Interface\Icons\INV_Weapon_Rifle_06"
"1633","Interface\Icons\INV_Gauntlets_10"
"1634","Interface\Icons\INV_Misc_Food_02"
"1635","Interface\Icons\INV_Hammer_04"
"1636","Interface\Icons\INV_Wand_09"
"1637","Interface\Icons\INV_Crown_01"
"1638","Interface\Icons\INV_Potion_55"
"1639","Interface\Icons\INV_Potion_62"
"1640","Interface\Icons\INV_Potion_97"
"1641","Interface\Icons\INV_Potion_48"
"1642","Interface\Icons\INV_Potion_26"
"1643","Interface\Icons\INV_Potion_41"
"1644","Interface\Icons\INV_Misc_Book_07"
"1645","Interface\Icons\INV_Enchant_EssenceAstralLarge"
"1646","Interface\Icons\INV_Enchant_EssenceAstralSmall"
"1647","Interface\Icons\INV_Spear_04"
"1648","Interface\Icons\INV_Sword_48"
"1649","Interface\Icons\Spell_Nature_Preservation"
"1650","Interface\Icons\INV_ThrowingAxe_03"
"1651","Interface\Icons\INV_Misc_Bone_OrcSkull_01"
"1652","Interface\Icons\INV_Helmet_23"
"1653","Interface\Icons\INV_Misc_Pelt_Bear_Ruin_02"
"1654","Interface\Icons\INV_Enchant_EssenceEternalLarge"
"1655","Interface\Icons\INV_Musket_02"
"1656","Interface\Icons\INV_Enchant_ShardBrilliantSmall"
"1657","Interface\Icons\INV_Misc_Note_02"
"1658","Interface\Icons\INV_Feather_01"
"1659","Interface\Icons\INV_Misc_MonsterScales_08"
"1660","Interface\Icons\Spell_Arcane_TeleportMoonglade"
"1661","Interface\Icons\Racial_Troll_Berserk"
"1662","Interface\Icons\Racial_Orc_BerserkerStrength"
"1663","Interface\Icons\INV_Hammer_05"
"1664","Interface\Icons\INV_Hammer_01"
"1665","Interface\Icons\INV_Ammo_Snowball"
"1666","Interface\Icons\INV_Boots_05"
"1667","Interface\Icons\INV_Gizmo_07"
"1668","Interface\Icons\INV_Shield_10"
"1669","Interface\Icons\Spell_Holy_PrayerOfFortitude"
"1670","Interface\Icons\INV_Potion_03"
"1671","Interface\Icons\INV_Misc_Herb_07"
"1672","Interface\Icons\INV_Jewelry_Talisman_08"
"1673","Interface\Icons\Spell_Nature_DiseaseCleansingTotem"
"1674","Interface\Icons\Spell_Frost_FireResistanceTotem"
"1675","Interface\Icons\Spell_Nature_NatureResistanceTotem"
"1676","Interface\Icons\Spell_Nature_TremorTotem"
"1677","Interface\Icons\Spell_Nature_GroundingTotem"
"1678","Interface\Icons\Spell_Fire_FrostResistanceTotem"
"1679","Interface\Icons\Spell_Nature_PoisonCleansingTotem"
"1680","Interface\Icons\Ability_Druid_FerociousBite"
"1681","Interface\Icons\Ability_Druid_Mangle.tga"
"1682","Interface\Icons\Ability_Mount_Kodo_01"
"1683","Interface\Icons\Ability_Mount_Kodo_02"
"1684","Interface\Icons\Ability_Mount_Kodo_03"
"1685","Interface\Icons\INV_Misc_Organ_03"
"1686","Interface\Icons\INV_Potion_25"
"1687","Interface\Icons\INV_Drink_18"
"1688","Interface\Icons\INV_Misc_Food_55"
"1689","Interface\Icons\INV_Crown_02"
"1690","Interface\Icons\Spell_Nature_MassTeleport"
"1691","Interface\Icons\INV_Banner_02"
"1692","Interface\Icons\INV_Gizmo_09"
"1693","Interface\Icons\INV_Misc_Gem_Amethyst_02"
"1694","Interface\Icons\Spell_Holy_ArcaneIntellect"
"1695","Interface\Icons\INV_Misc_Birdbeck_01"
"1696","Interface\Icons\INV_Misc_Bomb_04"
"1697","Interface\Icons\Ability_Hunter_Harass"
"1698","Interface\Icons\INV_Banner_01"
"1699","Interface\Icons\INV_Misc_Head_Dragon_Black"
"1700","Interface\Icons\INV_Misc_Head_Dragon_Blue"
"1701","Interface\Icons\INV_Misc_Head_Dragon_Bronze"
"1702","Interface\Icons\INV_Misc_Head_Dragon_Green"
"1703","Interface\Icons\INV_BannerPVP_01"
"1704","Interface\Icons\INV_BannerPVP_02"
"1705","Interface\Icons\INV_Misc_ArmorKit_18"
"1706","Interface\Icons\INV_Misc_Organ_06"
"1707","Interface\Icons\INV_Enchant_ShardBrilliantLarge"
"1708","Interface\Icons\INV_Enchant_EssenceMagicLarge"
"1709","Interface\Icons\INV_Enchant_EssenceNetherLarge"
"1710","Interface\Icons\INV_Gauntlets_03"
"1711","Interface\Icons\Spell_MageArmor"
"1712","Interface\Icons\Spell_FireResistanceTotem_01"
"1713","Interface\Icons\Spell_FrostResistanceTotem_01"
"1714","Interface\Icons\Spell_Holy_ElunesGrace"
"1715","Interface\Icons\Ability_Mount_Dreadsteed"
"1716","Interface\Icons\Ability_Mount_Charger"
"1717","Interface\Icons\INV_Misc_Rune_06"
"1718","Interface\Icons\INV_Misc_Gem_Pearl_05"
"1719","Interface\Icons\Ability_Creature_Poison_03"
"1720","Interface\Icons\INV_Misc_Eye_01"
"1721","Interface\Icons\INV_Spear_02"
"1722","Interface\Icons\Ability_Suffocate"
"1723","Interface\Icons\INV_Gauntlets_31"
"1724","Interface\Icons\INV_Fishingpole_02"
"1725","Interface\Icons\INV_Misc_Fish_04"
"1726","Interface\Icons\INV_Feather_03"
"1727","Interface\Icons\INV_Jewelry_Necklace_11"
"1728","Interface\Icons\INV_Potion_45"
"1729","Interface\Icons\INV_Potion_17"
"1730","Interface\Icons\INV_Misc_Key_08"
"1731","Interface\Icons\INV_Chest_Plate16"
"1732","Interface\Icons\INV_Potion_07"
"1733","Interface\Icons\INV_Gizmo_GoblinBoomBox_01"
"1734","Interface\Icons\Ability_Creature_Poison_05"
"1735","Interface\Icons\INV_Misc_Gem_Bloodstone_02"
"1736","Interface\Icons\Ability_Creature_Poison_01"
"1737","Interface\Icons\Ability_Creature_Disease_02"
"1738","Interface\Icons\INV_ZulGurubTrinket"
"1739","Interface\Icons\Ability_Creature_Cursed_05"
"1740","Interface\Icons\INV-Sword_53"
"1741","Interface\Icons\Ability_Creature_Cursed_04"
"1742","Interface\Icons\INV_Waepon_Bow_ZulGrub_D_02"
"1743","Interface\Icons\INV_Misc_Food_28"
"1744","Interface\Icons\INV_Misc_Head_Gnome_01"
"1745","Interface\Icons\INV_Misc_Head_Gnome_02"
"1746","Interface\Icons\Spell_Nature_CrystalBall"
"1747","Interface\Icons\INV_Misc_Food_59"
"1748","Interface\Icons\INV_Misc_Gem_Amethyst_03"
"1749","Interface\Icons\Spell_Nature_LightningBolt"
"1750","Interface\Icons\Ability_Creature_Cursed_03"
"1751","Interface\Icons\INV_Misc_Head_Murloc_01"
"1752","Interface\Icons\INV_Misc_MonsterHead_02"
"1753","Interface\Icons\INV_Shield_08"
"1754","Interface\Icons\Spell_Nature_CrystalBall"
"1755","Interface\Icons\INV_Misc_Bomb_02"
"1756","Interface\Icons\INV_Misc_Gem_02"
"1757","Interface\Icons\INV_Misc_Gem_Pearl_04"
"1759","Interface\Icons\Ability_Creature_Poison_02"
"1760","Interface\Icons\Ability_Creature_Poison_04"
"1761","Interface\Icons\Ability_Creature_Cursed_01"
"1762","Interface\Icons\Ability_Creature_Cursed_02"
"1763","Interface\Icons\INV_Drink_01"
"1764","Interface\Icons\Ability_Creature_Disease_01"
"1765","Interface\Icons\INV_Misc_MonsterScales_18"
"1766","Interface\Icons\Ability_Creature_Cursed_03"
"1771","Interface\Icons\Spell_Nature_InsectSwarm"
"1776","Interface\Icons\INV_Misc_QuestionMark"
"1777","Interface\Icons\INV_Misc_Head_Gnome_01"
"1778","Interface\Icons\INV_Misc_Fish_20"
"1779","Interface\Icons\INV_Misc_Fish_21"
"1780","Interface\Icons\INV_Drink_08"
"1781","Interface\Icons\INV_Misc_MonsterTail_03"
"1782","Interface\Icons\INV_Shield_23"
"1783","Interface\Icons\INV_Drink_08"
"1784","Interface\Icons\INV_Misc_PocketWatch_01"
"1785","Interface\Icons\INV_Drink_02"
"1786","Interface\Icons\INV_Misc_Gem_02"
"1787","Interface\Icons\INV_Misc_Gem_Topaz_02"
"1788","Interface\Icons\INV_Misc_Food_65"
"1789","Interface\Icons\INV_Food_ChristmasFruitCake_01"
"1790","Interface\Icons\INV_Misc_AhnQirajTrinket_04"
"1791","Interface\Icons\INV_Misc_AhnQirajTrinket_02"
"1792","Interface\Icons\INV_Misc_Herb_10"
"1793","Interface\Icons\INV_Misc_Herb_09"
"1794","Interface\Icons\INV_Misc_Branch_01"
"1795","Interface\Icons\Spell_Holy_Power"
"1796","Interface\Icons\Spell_Holy_UnyieldingFaith"
"1797","Interface\Icons\Spell_Holy_PersuitofJustice"
"1798","Interface\Icons\Spell_Holy_Vindication"
"1799","Interface\Icons\Spell_Holy_EyeforanEye"
"1800","Interface\Icons\Spell_Magic_GreaterBlessingofKings"
"1801","Interface\Icons\Spell_Holy_GreaterBlessingofLight"
"1802","Interface\Icons\Spell_Holy_GreaterBlessingofKings"
"1803","Interface\Icons\Spell_Holy_GreaterBlessingofSalvation"
"1804","Interface\Icons\Spell_Holy_GreaterBlessingofSanctuary"
"1805","Interface\Icons\Spell_Holy_GreaterBlessingofWisdom"
"1806","Interface\Icons\INV_Food_ChristmasFruitCake_01"
"1807","Interface\Icons\INV_Misc_Food_DimSum"
"1808","Interface\Icons\INV_Potion_60"
"1809","Interface\Icons\INV_Misc_QirajiCrystal_05"
"1810","Interface\Icons\INV_Misc_QirajiCrystal_04"
"1811","Interface\Icons\INV_Misc_QirajiCrystal_03"
"1812","Interface\Icons\INV_Misc_QirajiCrystal_02"
"1813","Interface\Icons\INV_Misc_QirajiCrystal_01"
"1814","Interface\Icons\INV_Weapon_Bow_12"
"1815","Interface\Icons\INV_Misc_EngGizmos_03"
"1816","Interface\Icons\INV_Waepon_Bow_ZulGrub_D_02"
"1817","Interface\Icons\INV_Misc_Food_59"
"1818","Interface\Icons\INV_Helmet_46"
"1819","Interface\Icons\INV_Misc_AhnQirajTrinket_05"
"1820","Interface\Icons\Spell_Holy_EyeforanEye"
"1821","Interface\Icons\Spell_Holy_PersuitofJustice"
"1822","Interface\Icons\Spell_Holy_Vindication"
"1823","Interface\Icons\Spell_Holy_UnyieldingFaith"
"1824","Interface\Icons\Spell_Holy_Power"
"1825","Interface\Icons\INV_Misc_AhnQirajTrinket_01"
"1826","Interface\Icons\INV_Misc_AhnQirajTrinket_06"
"1827","Interface\Icons\INV_QirajIdol_Death"
"1828","Interface\Icons\INV_Misc_MissileLargeCluster_White"
"1829","Interface\Icons\INV_Misc_Gem_Pearl_02"
"1833","Interface\Icons\Mail_GMIcon"
"1838","Interface\Icons\INV_Potion_02"
"1839","Interface\Icons\INV_Potion_72"
"1840","Interface\Icons\INV_Misc_Organ_01"
"1841","Interface\Icons\INV_Misc_Organ_02"
"1845","Interface\Icons\INV_Staff_26"
"1846","Interface\Icons\INV_ValentinePerfumeBottle"
"1847","Interface\Icons\INV_ValentineCologneBottle"
"1848","Interface\Icons\INV_Misc_Dust_04"
"1849","Interface\Icons\INV_ValentinesBoxOfChocolates02"
"1850","Interface\Icons\INV_ValentinesCard01"
"1851","Interface\Icons\INV_Potion_21"
"1852","Interface\Icons\INV_Potion_52"
"1853","Interface\Icons\Spell_BrokenHeart"
"1854","Interface\Icons\INV_ValentinesChocolate01"
"1855","Interface\Icons\INV_ValentinesChocolate02"
"1856","Interface\Icons\INV_ValentinesChocolate03"
"1857","Interface\Icons\INV_ValentinesChocolate04"
"1858","Interface\Icons\INV_Holiday_Christmas_Present_02"
"1859","Interface\Icons\INV_Holiday_Christmas_Present_01"
"1860","Interface\Icons\INV_Misc_Gift_04"
"1861","Interface\Icons\INV_Misc_Gift_01"
"1862","Interface\Icons\INV_Misc_Gift_05"
"1863","Interface\Icons\INV_Misc_Gift_03"
"1864","Interface\Icons\INV_Jewelry_Ring_03"
"1865","Interface\Icons\INV_Misc_Book_11"
"1866","Interface\Icons\INV_Weapon_Rifle_11"
"1867","Interface\Icons\INV_Weapon_Rifle_10"
"1868","Interface\Icons\Spell_Holy_SearingLightPriest"
"1869","Interface\Icons\Spell_Holy_PrayerofShadowProtection"
"1870","Interface\Icons\Spell_Holy_PrayerofSpirit"
"1871","Interface\Icons\Spell_Holy_HealingFocus"
"1872","Interface\Icons\Spell_Holy_PowerInfusion"
"1873","Interface\Icons\Spell_Holy_SpiritualGuidence"
"1874","Interface\Icons\Spell_Holy_HolyNova"
"1875","Interface\Icons\Spell_Holy_BlessedRecovery"
"1876","Interface\Icons\Spell_Shadow_ImprovedVampiricEmbrace"
"1877","Interface\Icons\INV_QirajIdol_Life"
"1878","Interface\Icons\Spell_Holy_SummonLightwell"
"1879","Interface\Icons\Spell_Holy_DivineSpirit"
"1880","Interface\Icons\Spell_Holy_SpellWarding"
"1881","Interface\Icons\INV_Misc_Fish_31"
"1884","Interface\Icons\INV_Sword_2H_AshbringerCorrupt"
"1885","Interface\Icons\Spell_ChargeNegative"
"1886","Interface\Icons\Spell_ChargePositive"
"1888","Interface\Icons\INV_Misc_Food_35"
"1889","Interface\Icons\INV_Misc_Food_32"
"1891","Interface\Icons\INV_Boots_Cloth_15"
"1892","Interface\Icons\INV_Misc_Token_ArgentDawn"
"1893","Interface\Icons\INV_Trinket_Naxxramas05"
"1894","Interface\Icons\INV_Misc_Token_ArgentDawn2"
"1895","Interface\Icons\INV_Misc_Token_ArgentDawn3"
"1896","Interface\Icons\INV_Trinket_Naxxramas01"
"1897","Interface\Icons\INV_Trinket_Naxxramas03"
"1898","Interface\Icons\INV_Trinket_Naxxramas06"
"1899","Interface\Icons\INV_Trinket_Naxxramas04"
"1903","Interface\Icons\INV_Misc_Food_14"
"1905","Interface\Icons\INV_Wand_06"
"1906","Interface\Icons\INV_Battery_02"
"1907","Interface\Icons\INV_Misc_Food_07"
"1908","Interface\Icons\INV_Drink_Waterskin_09"
"1909","Interface\Icons\INV_Misc_Food_19"
"1911","Interface\Icons\INV_Misc_Food_73CinnamonRoll"
"1912","Interface\Icons\Spell_Nature_Polymorph_Cow"
"1916","Interface\Icons\INV_Helmet_21"
"1917","Interface\Icons\INV_Relics_IdolofRejuvenation"
"1918","Interface\Icons\Spell_Arcane_ArcaneResilience"
"1919","Interface\Icons\INV_SummerFest_Symbol_Medium"
"1920","Interface\Icons\Spell_Fire_MasterOfElements"
"1921","Interface\Icons\Spell_Nature_StormReach"
"1922","Interface\Icons\Ability_Druid_Mangle"
"1923","Interface\Icons\INV_SummerFest_FireSpirit"
"1924","Interface\Icons\INV_Bracer_09"
"1925","Interface\Icons\INV_Misc_Food_53"
"1926","Interface\Icons\INV_SummerFest_Smorc"
"1927","Interface\Icons\Inv_Misc_SummerFest_BrazierOrange"
"1929","Interface\Icons\Spell_Nature_HealingWay"
"1930","Interface\Icons\Spell_Fire_ElementalDevastation"
"1931","Interface\Icons\Spell_Nature_EyeOfTheStorm"
"1943","Interface\Icons\INV_Misc_EngGizmos_19"
"1959","Interface\Icons\Ability_Creature_Disease_03"
"1960","Interface\Icons\Ability_Creature_Poison_06"
"1972","Interface\Icons\INV_Weapon_Crossbow_11"
"1974","Interface\Icons\Spell_Holiday_ToW_SpiceCloud"
"1975","Interface\Icons\INV_Sword_42"
"1999","Interface\Icons\INV_Boots_Cloth_16"
"2000","Interface\Icons\INV_Boots_Cloth_02"
"2002","Interface\Icons\INV_Musket_01"
"2003","Interface\Icons\INV_Sword_51"
"2004","Interface\Icons\INV_Sword_17"
"2035","Interface\Icons\INV_Misc_Food_54"
"2037","Interface\Icons\inv_misc_foxkit"
"2038","Interface\Icons\ability_hunter_aspectofthefox"
"2039","Interface\Icons\ability_mount_spectraltiger"
"2040","Interface\Icons\INV_Misc_QuestionMark"
"2041","Interface\Icons\spell_arcane_teleporttheramore"
"2042","Interface\Icons\spell_arcane_portaltheramore"
"2043","Interface\Icons\spell_arcane_Tamamo"
"2044","Interface\Icons\inv_misc_deliciouspizza"
"2045","Interface\Icons\inv_pet_broom"
"2046","Interface\Icons\ability_hunter_pet_dragonhawk"
"2036","Interface\Icons\INV_Sword_01"
"2047","Interface\Icons\spell_arcane_manatap"
"2048","Interface\Icons\spell_fire_bluefire"
"2049","Interface\Icons\achievement_boss_infinitecorruptor"
"2050","Interface\Icons\inv_pet_speedy"
"2051","Interface\Icons\Ability_Mount_WarHippogryph"
"2052","Interface\Icons\Ability_Mount_Gryphon_01"
"2053","Interface\Icons\Ability_Mount_BlackBattlestrider"
"2054","Interface\Icons\Ability_Mount_Gyrocoptor"
"2055","Interface\Icons\Ability_Mount_GyrocoptorElite"
"2056","Interface\Icons\INV_Mount_WhimsyshireCloudMount01"
"2057","Interface\Icons\INV_Mount_WhimsyshireCloudMount02"
"2058","Interface\Icons\INV_Mount_WhimsyshireCloudMount03"
"2059","Interface\Icons\INV_Mount_WhimsyshireCloudMount04"
"2060","Interface\Icons\INV_Mount_WhimsyshireCloudMount05"
"2061","Interface\Icons\Ability_Mount_BlueWindRider"
"2062","Interface\Icons\Ability_Mount_GreenWindRider"
"2063","Interface\Icons\Ability_Mount_TawnyWindRider"
"2064","Interface\Icons\Ability_Mount_SwiftRedWindRider"
"2065","Interface\Icons\Ability_Mount_PolarBear_Black"
"2066","Interface\Icons\Ability_Mount_KotoBrewfest"
"2068","Interface\Icons\inv_pet_cats_blacktabbycat"
"2070","Interface\Icons\inv_pet_cats_bombaycat"
"2071","Interface\Icons\inv_pet_cats_calicocat"
"2072","Interface\Icons\inv_pet_cats_cornishrexcat"
"2073","Interface\Icons\inv_pet_cats_corruptedkitten"
"2074","Interface\Icons\inv_pet_cats_orangetabbycat"
"2075","Interface\Icons\inv_pet_cats_siamesecat"
"2076","Interface\Icons\inv_pet_cats_silvertabbycat"
"2077","Interface\Icons\inv_pet_cats_whitekitten"
"2078","Interface\Icons\INV_Pet_Cockroach"
"2079","Interface\Icons\inv_pet_diseasedbearcub"
"2080","Interface\Icons\inv_pet_fawn"
"2081","Interface\Icons\inv_pet_sprite_darter_hatchling"
"2082","Interface\Icons\inv_pet_mechanicalchicken"
"2083","Interface\Icons\inv_pet_mechanicalsquirrel"
"2084","Interface\Icons\inv_pet_babymurlocs_blue"
"2085","Interface\Icons\inv_pet_babymurlocs_pink"
"2086","Interface\Icons\inv_pet_babymurlocs_white"
"2087","Interface\Icons\INV_Pet_BabyShark"
"2088","Interface\Icons\inv_pet_kirin_tor_familiar"
"2089","Interface\Icons\inv_pet_snowman"
"2090","Interface\Icons\INC_Misc_Head_Nerubian_01"
"2091","Interface\Icons\Ability_Druid_ForceofNature"
"2092","Interface\Icons\Inv_Misc_Rabbit"
"2093","Interface\Icons\Spell_Shaman_Hex"
"2094","Interface\Icons\inv_misc_PheonixPet_01"
"2095","Interface\Icons\inv_Pet_babyblizzardbear"
"2096","Interface\Icons\inv_pet_mouse"
"2097","Interface\Icons\inv_babypig"
"2098","Interface\Icons\inv_misc_archaeology_babypterrodax"
"2099","Interface\Icons\Achievement_WorldEvent_Reindeer"
"2100","Interface\Icons\inv_misc_bearcubbrown"
"2101","Interface\Icons\inv_waepon_bow_zulgurub_d_01"
"2103","Interface\Icons\inv_helmet_67"
"2104","Interface\Icons\inv_helmet_68"
"2105","Interface\Icons\inv_misc_boarshead"
"2106","Interface\Icons\Spell_Nature_EarthElemental_Totem"
"2108","Interface\Icons\Spell_Frost_SummonWaterElemental_2"
"2109","Interface\Icons\inv_pet_voidhound"
"2110","Interface\Icons\ability_deathknight_summongargoyle"
"2111","Interface\Icons\Ability_Hunter_Cobrastrikes"
"2112","Interface\Icons\ability_hunter_pet_basilisk"
"2113","Interface\Icons\ability_hunter_pet_chimaera"
"2114","Interface\Icons\ability_hunter_pet_chimera"
"2115","Interface\Icons\ability_hunter_pet_corehound"
"2116","Interface\Icons\ability_hunter_pet_devilsaur"
"2117","Interface\Icons\ability_hunter_pet_hippogryph"
"2118","Interface\Icons\ability_hunter_pet_hydra"
"2119","Interface\Icons\ability_hunter_pet_pterrodax2"
"2120","Interface\Icons\ability_hunter_pet_serpent1"
"2121","Interface\Icons\ability_hunter_pet_silithid"
"2122","Interface\Icons\ability_hunter_pet_stag1"
"2123","Interface\Icons\ability_hunter_pet_thunder_lizard"
"2124","Interface\Icons\ability_hunter_pet_wasp"
"2125","Interface\Icons\ability_hunter_pet_worm"
"2126","Interface\Icons\Achievement_Boss_Mutanus_the_Devourer"
"2127","Interface\Icons\Achievement_Reputation_Ogre"
"2128","Interface\Icons\Achievement_rat"
"2129","Interface\Icons\Achievement_Halloween_Worms_01"
"2130","Interface\Icons\inv_pet_babyhippogryph"
"2131","Interface\Icons\INV_Misc_Fish_64"
"2132","Interface\Icons\Spell_Fire_Elemental_Totem"
"2133","Interface\Icons\Spells_Shaman_FeralSpirit"
"2134","Interface\Icons\Spells_Shaman_SpiritLink"
"2135","Interface\Icons\Spells_Shaman_TotemRecall"
"2136","Interface\Icons\Spells_Shaman_Dropall01"
"2137","Interface\Icons\Spells_Shaman_Dropall02"
"2138","Interface\Icons\Spells_Shaman_Dropall03"
"2139","Interface\Icons\Trade_Survival"
"2140","Interface\Icons\warlock_summon_doomguard"
"2141","Interface\Icons\trade_archaeology_highborne_scroll"
"2142","Interface\Icons\trade_archaeology_highborne_artifactfragment"
"2143","Interface\Icons\Spell_Shadow_SummonFelGuard"
"2144","Interface\Icons\Spell_Shadow_SoulLeech_3"
"2145","Interface\Icons\Spell_Shadow_SoulLeech_2"
"2146","Interface\Icons\Spell_Shadow_SoulLeech_1"
"2147","Interface\Icons\Spell_Shadow_SoulLeech"
"2149","Interface\Icons\Spell_Shadow_ShadowMend"
"2150","Interface\Icons\Spell_Shadow_PainSpike"
"2151","Interface\Icons\Spell_Shadow_DestructiveSoul"
"2152","Interface\Icons\Spell_Nature_SkinofEarth"
"2153","Interface\Icons\Spell_Nature_ShamanRage"
"2154","Interface\Icons\Spell_Nature_GiftoftheWaterSprit"
"2155","Interface\Icons\Spell_Nature_ElementalPrecision_2"
"2156","Interface\Icons\Spell_Nature_ElementalPrecision_1"
"2157","Interface\Icons\Spell_Nature_ElementalAbsorption"
"2158","Interface\Icons\Spell_Holy_SurgeofLight"
"2159","Interface\Icons\Spell_Holy_SummonChampion"
"2160","Interface\Icons\Spell_Holy_SealofBLood"
"2161","Interface\Icons\Spell_Holy_ReviveChampion"
"2162","Interface\Icons\Spell_Holy_ProclaimChampion_02"
"2163","Interface\Icons\Spell_Holy_ProclaimChampion"
"2164","Interface\Icons\Spell_Holy_CrusaderStrike"
"2165","Interface\Icons\Spell_Holy_CrusaderAura"
"2166","Interface\Icons\Spell_Holy_Crusade"
"2167","Interface\Icons\Spell_Holy_ChampionsGrace"
"2168","Interface\Icons\Spell_Holy_ChampionsBond"
"2169","Interface\Icons\Spell_Holy_BorrowedTime"
"2170","Interface\Icons\Spell_Holy_ArdentDefender"
"2171","Interface\Icons\item_azereansphere"
"2172","Interface\Icons\timelesscoin"
"2173","Interface\Icons\INV_Misc_Tournaments_Symbol_BloodElf"
"2174","Interface\Icons\INV_Misc_Token_Thrallmar"
"2175","Interface\Icons\INV_Misc_Token_HonorHold"
"2177","Interface\Icons\INV_Misc_Rune_01_Red"
"2178","Interface\Icons\INV_Misc_Rune_01_Yellow"
"2179","Interface\Icons\INV_Misc_Rune_01_Purple"
"2180","Interface\Icons\INV_Misc_Rune_01_Green"
"2181","Interface\Icons\INV_Misc_EngGizmos_swissArmy"
"2182","Interface\Icons\INV_Misc_EngGizmos_RocketChicken"
"2183","Interface\Icons\INV_Misc_Cauldron_Shadow"
"2184","Interface\Icons\INV_Misc_Cauldron_Nature"
"2185","Interface\Icons\INV_Misc_Cauldron_Frost"
"2186","Interface\Icons\INV_Misc_Cauldron_Fire"
"2187","Interface\Icons\INV_Misc_Cauldron_Arcane"
"2188","Interface\Icons\INV_MISC_BEER_02"
"2189","Interface\Icons\INV_MISC_BEER_01"
"2190","Interface\Icons\Ability_Warrior_WeaponMastery"
"2191","Interface\Icons\Ability_Warrior_VictoryRush"
"2192","Interface\Icons\Ability_Warrior_SwordandBoard"
"2193","Interface\Icons\Ability_Warrior_StrengthOfArms"
"2194","Interface\Icons\Ability_Warrior_ShieldReflection"
"2195","Interface\Icons\Ability_Warrior_ShieldMastery"
"2196","Interface\Icons\Ability_Warrior_ShieldGuard"
"2197","Interface\Icons\Ability_Warrior_ShieldBreak"
"2198","Interface\Icons\Ability_Warrior_RallyingCry"
"2199","Interface\Icons\Ability_Warrior_Intervene"
"2200","Interface\Icons\Ability_Warrior_ImprovedDisciplines"
"2201","Interface\Icons\Ability_Warrior_Devastate"
"2202","Interface\Icons\Ability_Warrior_CriticalBlock"
"2203","Interface\Icons\Ability_Warrior_CommandingShout"
"2204","Interface\Icons\Ability_Warlock_DemonicEmpowerment"
"2205","Interface\Icons\Ability_Warlock_Avoidance"
"2207","Interface\Icons\Ability_Vehicle_SiegeEngineCharge"
"2208","Interface\Icons\ability_titankeeper_amalgam"
"2209","Interface\Icons\Ability_Shaman_WaterShield"
"2210","Interface\Icons\Ability_Shaman_StormStrike"
"2211","Interface\Icons\Ability_Shaman_Lavalash"
"2212","Interface\Icons\Ability_Shaman_Heroism"
"2213","Interface\Icons\Ability_Rogue_SurpriseAttack"
"2214","Interface\Icons\Ability_Rogue_ShadowStrikes"
"2215","Interface\Icons\Ability_Rogue_Shadowstep"
"2216","Interface\Icons\Ability_Rogue_EnvelopingShadows"
"2217","Interface\Icons\Ability_Rogue_Disembowel"
"2218","Interface\Icons\Ability_Rogue_DeviousPoisons"
"2219","Interface\Icons\ability_rewindtime"
"2220","Interface\Icons\Ability_Mage_FrostFireBlot"
"2221","Interface\Icons\Ability_Hunter_SteadyShot"
"2222","Interface\Icons\Ability_Druid_TreeofLife"
"2223","Interface\Icons\Ability_Druid_TigersRoar"
"2224","Interface\Icons\Ability_Druid_Starfall"
"2225","Interface\Icons\Ability_Druid_PrimalTenacity"
"2226","Interface\Icons\Ability_Druid_PrimalPrecision"
"2227","Interface\Icons\Ability_Druid_OwlkinFrenzy"
"2228","Interface\Icons\Ability_Druid_ManaTree"
"2229","Interface\Icons\Ability_Druid_GaleWinds"
"2230","Interface\Icons\Ability_Druid_FlightForm"
"2231","Interface\Icons\Ability_Druid_Eclipse"
"2232","Interface\Icons\Ability_Druid_Berserk"
"2233","Interface\Icons\ability_bossmagistrix_timewarp2"
"2234","Interface\Icons\Spell_Holy_EmpowerChampion"
"2235","Interface\Icons\Trade_Survival"
"2236","Interface\Icons\ability_warlock_incubus"
"2237","Interface\Icons\ability_druid_lacerate"
"2238","Interface\Icons\ability_druid_mangle2"
"2239","Interface\Icons\ability_druid_mastershapeshifter"
"2240","Interface\Icons\ability_hunter_aspectoftheviper"
"2241","Interface\Icons\ability_hunter_chimerashot2"
"2242","Interface\Icons\ability_hunter_cobrastrikes"
"2243","Interface\Icons\ability_hunter_disarmingshot"
"2244","Interface\Icons\ability_hunter_forcusedaim"
"2245","Interface\Icons\ability_hunter_goforthethroat"
"2246","Interface\Icons\ability_hunter_improvedsteadyshot"
"2247","Interface\Icons\ability_hunter_improvedtracking"
"2248","Interface\Icons\ability_hunter_killcommand"
"2249","Interface\Icons\ability_hunter_pet_warpstalker"
"2250","Interface\Icons\Ability_Mage_IncantersAbsorbtion"
"2252","Interface\Icons\ability_mage_livingbomb"
"2253","Interface\Icons\ability_mount_bigblizzardbear"
"2254","Interface\Icons\ability_paladin_judgementblue"
"2255","Interface\Icons\ability_rogue_deadlybrew"
"2256","Interface\Icons\ability_rogue_disembowel"
"2257","Interface\Icons\ability_rogue_shadowdance"
"2258","Interface\Icons\ability_warlock_chaosbolt"
"2259","Interface\Icons\ability_warlock_demonicpower"
"2260","Interface\Icons\ability_warlock_demonsoul"
"2261","Interface\Icons\ability_warlock_moltencore"
"2262","Interface\Icons\ability_warlock_shadowflame"
"2263","Interface\Icons\inv_hunterpet_warpstalker"
"2264","Interface\Icons\INV_Netherwhelp"
"2265","Interface\Icons\INV_ThrowingKnife_06"
"2266","Interface\Icons\inv_warpstalkermountbc"
"2267","Interface\Icons\Spell_Arcane_Blast"
"2268","Interface\Icons\Spell_Holy_AuraMastery"
"2269","Interface\Icons\Spell_Shadow_DemonicPact"
"2270","Interface\Icons\Spell_Shadow_FelMending"
"2271","Interface\Icons\Spell_Shadow_UnstableAffliction_3"
"2272","Interface\Icons\Spell_Shaman_AstralShift"
"2273","Interface\Icons\Spell_Shaman_FeralSpirit"
"2274","Interface\Icons\Spell_Shaman_ImprovedEarthShield"
"2275","Interface\Icons\Spell_Shaman_SpiritLink"
"2276","Interface\Icons\Spell_Shaman_TidalWaves"
"2277","Interface\Icons\Spell_Shaman_TotemRecall"
"2278","Interface\Icons\Spell_unused2"
"2279","Interface\Icons\inv_misc_toy_10"
"2282","Interface\Icons\Spell_Arcane_PortalStonard"
"2284","Interface\Icons\Spell_Arcane_TeleportStonard"
"2285","Interface\Icons\Spell_Arcane_PortalTheramore"
"2286","Interface\Icons\Spell_Arcane_TeleportTheramore"
"2287","Interface\Icons\Inv_glyph_majordruid"
"2289","Interface\Icons\INV_Glyph_MajorHunter"
"2290","Interface\Icons\INV_Glyph_MajorMage"
"2291","Interface\Icons\INV_Glyph_MajorPaladin"
"2292","Interface\Icons\INV_Glyph_MajorPriest"
"2293","Interface\Icons\INV_Glyph_MajorRogue"
"2294","Interface\Icons\INV_Glyph_MajorShaman"
"2295","Interface\Icons\INV_Glyph_MajorWarlock"
"2296","Interface\Icons\INV_Glyph_MajorWarrior"
"2297","Interface\Icons\INV_Glyph_MinorDeathKnight"
"2298","Interface\Icons\INV_Glyph_MinorDruid"
"2299","Interface\Icons\INV_Glyph_MinorHunter"
"2288","Interface\Icons\INV_Glyph_MajorDeathKnight"
"2302","Interface\Icons\INV_Glyph_MinorMage"
"2303","Interface\Icons\INV_Glyph_MinorPaladin"
"2304","Interface\Icons\INV_Glyph_MinorPriest"
"2305","Interface\Icons\INV_Glyph_MinorRogue"
"2306","Interface\Icons\INV_Glyph_MinorWarlock"
"2301","Interface\Icons\INV_Glyph_MinorShaman"
"2300","Interface\Icons\INV_Glyph_MinorWarrior"
"2307","Interface\Icons\INV_Scroll_15"
"2310","Interface\Icons\ability_gilnean_raven.blp"
"2311","Interface\Icons\INV_Misc_Bag_08"
"2312","Interface\Icons\INV_Letter_13"
"2313","Interface\Icons\INV_Misc_Basket_01"
"2314","Interface\Icons\INV_Misc_Gem_Sapphire_03"
"2315","Interface\Icons\BTNTurtlePendant"
"2316","Interface\Icons\Ability_Warrior_DecisiveStrike_New"
"2317","Interface\Icons\inv_misc_boarshead"
"2318","Interface\Icons\INV_BoarBlue_Mount"
"2319","Interface\Icons\INV_Misc_MissileSmall_Purple"
"2320","Interface\Icons\INV_Misc_Idol_01"
"2321","Interface\Icons\INV_Shoulder_30"
"2322","Interface\Icons\Ability_Mage_Firestarter"
"2323","Interface\Icons\btnholyscriptures"
"2324","Interface\Icons\INV_Misc_Bone_09"
"2325","Interface\Icons\INV_Sword_31"
"2326","Interface\Icons\INV_Misc_Dust_Infinite"
"2327","Interface\Icons\inv_relics_idolofhealth"
"2328","Interface\Icons\INV_Misc_Herb_02"
"2329","Interface\Icons\btnorbofdepths"
"2330","Interface\Icons\INV_Misc_Quiver_03"
"2331","Interface\Icons\INV_Misc_Book_08"
"2332","Interface\Icons\INV_Misc_Map_01"
"2333","Interface\Icons\inv_corgi2"
"2334","Interface\Icons\INV_Enchant_EssenceMysticalLarge"
"2335","Interface\Icons\Spell_Mage_FocusingCrystal"
"2336","Interface\Icons\garrison_weaponupgrade"
"2337","Interface\Icons\trade_archaeology_highbornesoulmirror"
"2338","Interface\Icons\inv_jewelry_talisman_fireice"
"2339","Interface\Icons\inv_misc_book_06"
"2340","Interface\Icons\ability_warlock_power_overwhelming"
"2341","Interface\Icons\ability_warrior_stalwartprotector"
"2342","Interface\Icons\inv_misc_gem_felstone"
"2343","Interface\Icons\INV_Misc_Quiver_04"
"2344","Interface\Icons\inv_pet_monkey"
"2345","Interface\Icons\INV_Misc_Gear_08"
"2346","Interface\Icons\inv_relics_idolofhealth"
"2347","Interface\Icons\inv_misc_herb_02"
"2348","Interface\Icons\INV_misc_organ_02"
"2349","Interface\Icons\ability_warrior_reprisal"
"2350","Interface\Icons\INV_Misc_Fish_Turtle_01"
"2352","Interface\Icons\INV_Misc_Fish_Turtle_03"
"2353","Interface\Icons\BTNHorseShoe"
"2354","Interface\Icons\inv_garrison_cargoship"
"2355","Interface\Icons\Ability_Rogue_DeviousPoisons"
"2357","Interface\Icons\BTNHeartAmulet"
"2358","Interface\Icons\INV_MISC_PETMOONKINNE"
"2359","Interface\Icons\inv_misc_orb_05"
"2360","Interface\Icons\inv_ore_arcanite_02"
"2361","Interface\Icons\Inv_stone_08"
"2362","Interface\Icons\duck_1"
"2363","Interface\Icons\Ability_Druid_StagForm"
"2364","Interface\Icons\Ability_Warrior_SwordandBoard"
"2365","Interface\Icons\spell_bubl1"
"2366","Interface\Icons\Ability_hunter_pet_hyena"
"2367","Interface\Icons\Ability_hunter_pet_crocolisk"
"2368","Interface\Icons\Achievement_Halloween_Cat_01"
"2369","Interface\Icons\INV_Misc_Book_02"
"2370","Interface\Icons\spell_coordinated_assault_1"
"2371","Interface\Icons\spell_coordinated_assault_2"
"2372","Interface\Icons\spell_lacerate_1"
"2373","Interface\Icons\spell_lacerate_1A"
"2374","Interface\Icons\spell_lacerate_1B"
"2375","Interface\Icons\spell_lacerate_1C"
"2376","Interface\Icons\spell_lacerate_1D"
"2377","Interface\Icons\spell_lacerate_2B"
"2378","Interface\Icons\spell_lacerate_3"
"2379","Interface\Icons\spell_shattering_javelin_1"
"2380","Interface\Icons\spell_shattering_javelin_2"
"2381","Interface\Icons\spell_shadow_of_death_3B"
"2382","Interface\Icons\spell_call_of_wild_2A2"
"2383","Interface\Icons\ability_mage_moltenarmor"
"2384","Interface\Icons\ability_rogue_fleetfooted"
"2385","Interface\Icons\spell_cloaked_in_shadows_1"
"2386","Interface\Icons\spell_cloaked_in_shadows_2"
"2387","Interface\Icons\spell_cloaked_in_shadows_3"
"2388","Interface\Icons\spell_cloaked_in_shadows_4"
"2389","Interface\Icons\spell_double_dose_1"
"2390","Interface\Icons\spell_double_dose_2"
"2391","Interface\Icons\spell_double_dose_3"
"2392","Interface\Icons\spell_double_dose_4"
"2393","Interface\Icons\inv_misc_food_66"
"2394","Interface\Icons\ability_hunter_goforthethroat"
"2395","Interface\Icons\spell_smoke_bomb_5"
"2396","Interface\Icons\earthshaker_slam_11"
"2397","Interface\Icons\master_strike_1"
"2398","Interface\Icons\spell_reshift_2"
"2399","Interface\Icons\inv_enchant_voidsphere"
"2401","Interface\Icons\inv_yellow_purple_elixir_2"
"2402","Interface\Icons\inv_green_pink_elixir_1"
"2403","Interface\Icons\inv_blue_gold_elixir_2"
"2405","Interface\Icons\spell_portal_alahthalas"
"2406","Interface\Icons\spell_teleport_alahthalas"
"2407","inv_potion_120"
"2408","inv_potion_106"
"2409","inv_potion_112"
"2410","inv_potion_113"
"2411","inv_potion_114"
"2412","inv_potion_123"
"2413","inv_potion_124"
"2414","inv_potion_115"
"2415","inv_potion_116"
"2416","inv_potion_128"
"2417","inv_misc_monsterscales_28"
"2418","inv_stone_17"
"2419","inv_stone_18"
"2420","inv_potion_142"
"2421","inv_potion_143"
"2422","inv_drink_33"
"2423","inv_potion_141"
"2424","inv_mana_agate_01"
"2425","inv_mana_jade_01"
"2426","inv_mana_citrine_01"
"2427","inv_mana_ruby_01"
"2428","inv_trinket_naxxramas07"
"2429","spell_fire_elemental_totem"
"2430","spell_nature_poisoncleansingtotem"
"2431","spell_frost_summonwaterelemental"
"2432","Spell_shadow_summonvoidwalker"
"2433","spell_holy_devotion"
"2434","spell_holy_greaterblessingsofkings"
"2435","inv_corrosive_01"
